segment_id,subject,label,start_s,end_s,source_title,source_page,media_url,media_duration_s,license,notes
chamitoff_01,chamitoff,on_screen,18,100,Ask Astronaut Greg Chamitoff- 'The Smell of Space'.webm,https://commons.wikimedia.org/wiki/File:Ask_Astronaut_Greg_Chamitoff-_'The_Smell_of_Space'.webm,https://upload.wikimedia.org/wikipedia/commons/c/c7/Ask_Astronaut_Greg_Chamitoff-_%27The_Smell_of_Space%27.webm?utm_source=commons.wikimedia.org&utm_campaign=api&utm_content=original,151.781,Public domain,speaks into ISS laptop camera; label unreviewed
polansky_01,polansky,on_screen,3,43,Shuttle Commander Takes Video Questions In Space - POST VIDEO RESPONSE!.webm,https://commons.wikimedia.org/wiki/File:Shuttle_Commander_Takes_Video_Questions_In_Space_-_POST_VIDEO_RESPONSE!.webm,https://upload.wikimedia.org/wikipedia/commons/transcoded/c/c2/Shuttle_Commander_Takes_Video_Questions_In_Space_-_POST_VIDEO_RESPONSE%21.webm/Shuttle_Commander_Takes_Video_Questions_In_Space_-_POST_VIDEO_RESPONSE%21.webm.480p.vp9.webm,60.635,Public domain,"studio, into lens; label unreviewed"
wright_01,wright,on_screen,12.0,34.7,NASA Interview Opportunity- Watch A Red Moon Dance Across The Sky THIS Friday (SVS14791 - Ernie Wright lunar eclipse).webm,https://commons.wikimedia.org/wiki/File:NASA_Interview_Opportunity-_Watch_A_Red_Moon_Dance_Across_The_Sky_THIS_Friday_(SVS14791_-_Ernie_Wright_lunar_eclipse).webm,https://upload.wikimedia.org/wikipedia/commons/transcoded/8/85/NASA_Interview_Opportunity-_Watch_A_Red_Moon_Dance_Across_The_Sky_THIS_Friday_%28SVS14791_-_Ernie_Wright_lunar_eclipse%29.webm/NASA_Interview_Opportunity-_Watch_A_Red_Moon_Dance_Across_The_Sky_THIS_Friday_%28SVS14791_-_Ernie_Wright_lunar_eclipse%29.webm.480p.vp9.webm,477.789,Public domain,"studio, into lens, glasses; trimmed to exclude cutaways; label unreviewed"
wright_02,wright,on_screen,41,53,NASA Interview Opportunity- Watch A Red Moon Dance Across The Sky THIS Friday (SVS14791 - Ernie Wright lunar eclipse).webm,https://commons.wikimedia.org/wiki/File:NASA_Interview_Opportunity-_Watch_A_Red_Moon_Dance_Across_The_Sky_THIS_Friday_(SVS14791_-_Ernie_Wright_lunar_eclipse).webm,https://upload.wikimedia.org/wikipedia/commons/transcoded/8/85/NASA_Interview_Opportunity-_Watch_A_Red_Moon_Dance_Across_The_Sky_THIS_Friday_%28SVS14791_-_Ernie_Wright_lunar_eclipse%29.webm/NASA_Interview_Opportunity-_Watch_A_Red_Moon_Dance_Across_The_Sky_THIS_Friday_%28SVS14791_-_Ernie_Wright_lunar_eclipse%29.webm.480p.vp9.webm,477.789,Public domain,"studio, into lens, glasses; label unreviewed"
wright_03,wright,on_screen,62,95,NASA Interview Opportunity- Watch A Red Moon Dance Across The Sky THIS Friday (SVS14791 - Ernie Wright lunar eclipse).webm,https://commons.wikimedia.org/wiki/File:NASA_Interview_Opportunity-_Watch_A_Red_Moon_Dance_Across_The_Sky_THIS_Friday_(SVS14791_-_Ernie_Wright_lunar_eclipse).webm,https://upload.wikimedia.org/wikipedia/commons/transcoded/8/85/NASA_Interview_Opportunity-_Watch_A_Red_Moon_Dance_Across_The_Sky_THIS_Friday_%28SVS14791_-_Ernie_Wright_lunar_eclipse%29.webm/NASA_Interview_Opportunity-_Watch_A_Red_Moon_Dance_Across_The_Sky_THIS_Friday_%28SVS14791_-_Ernie_Wright_lunar_eclipse%29.webm.480p.vp9.webm,477.789,Public domain,"studio, into lens, glasses; label unreviewed"
miles_01,miles,on_screen,12.0,33.7,Quickshot- New NASA Mission Launching Soon To Study Earth’s Space Weather Shield (SVS14863 - David Miles University of Iowa).webm,https://commons.wikimedia.org/wiki/File:Quickshot-_New_NASA_Mission_Launching_Soon_To_Study_Earth%E2%80%99s_Space_Weather_Shield_(SVS14863_-_David_Miles_University_of_Iowa).webm,https://upload.wikimedia.org/wikipedia/commons/transcoded/6/69/Quickshot-_New_NASA_Mission_Launching_Soon_To_Study_Earth%E2%80%99s_Space_Weather_Shield_%28SVS14863_-_David_Miles_University_of_Iowa%29.webm/Quickshot-_New_NASA_Mission_Launching_Soon_To_Study_Earth%E2%80%99s_Space_Weather_Shield_%28SVS14863_-_David_Miles_University_of_Iowa%29.webm.480p.vp9.webm,364.85,Public domain,"lab, into lens, glasses; trimmed to exclude cutaways; label unreviewed"
miles_02,miles,on_screen,41,65,Quickshot- New NASA Mission Launching Soon To Study Earth’s Space Weather Shield (SVS14863 - David Miles University of Iowa).webm,https://commons.wikimedia.org/wiki/File:Quickshot-_New_NASA_Mission_Launching_Soon_To_Study_Earth%E2%80%99s_Space_Weather_Shield_(SVS14863_-_David_Miles_University_of_Iowa).webm,https://upload.wikimedia.org/wikipedia/commons/transcoded/6/69/Quickshot-_New_NASA_Mission_Launching_Soon_To_Study_Earth%E2%80%99s_Space_Weather_Shield_%28SVS14863_-_David_Miles_University_of_Iowa%29.webm/Quickshot-_New_NASA_Mission_Launching_Soon_To_Study_Earth%E2%80%99s_Space_Weather_Shield_%28SVS14863_-_David_Miles_University_of_Iowa%29.webm.480p.vp9.webm,364.85,Public domain,"lab, into lens, glasses; label unreviewed"
miles_03,miles,on_screen,74,98,Quickshot- New NASA Mission Launching Soon To Study Earth’s Space Weather Shield (SVS14863 - David Miles University of Iowa).webm,https://commons.wikimedia.org/wiki/File:Quickshot-_New_NASA_Mission_Launching_Soon_To_Study_Earth%E2%80%99s_Space_Weather_Shield_(SVS14863_-_David_Miles_University_of_Iowa).webm,https://upload.wikimedia.org/wikipedia/commons/transcoded/6/69/Quickshot-_New_NASA_Mission_Launching_Soon_To_Study_Earth%E2%80%99s_Space_Weather_Shield_%28SVS14863_-_David_Miles_University_of_Iowa%29.webm/Quickshot-_New_NASA_Mission_Launching_Soon_To_Study_Earth%E2%80%99s_Space_Weather_Shield_%28SVS14863_-_David_Miles_University_of_Iowa%29.webm.480p.vp9.webm,364.85,Public domain,"lab, into lens, glasses; label unreviewed"
friedel_01,friedel,on_screen,12,58,Quickshot- New NASA Mission Launching Soon To Study Earth’s Space Weather Shield (SVS14863 - Reinhard Friedel TRACERS).webm,https://commons.wikimedia.org/wiki/File:Quickshot-_New_NASA_Mission_Launching_Soon_To_Study_Earth%E2%80%99s_Space_Weather_Shield_(SVS14863_-_Reinhard_Friedel_TRACERS).webm,https://upload.wikimedia.org/wikipedia/commons/transcoded/d/d9/Quickshot-_New_NASA_Mission_Launching_Soon_To_Study_Earth%E2%80%99s_Space_Weather_Shield_%28SVS14863_-_Reinhard_Friedel_TRACERS%29.webm/Quickshot-_New_NASA_Mission_Launching_Soon_To_Study_Earth%E2%80%99s_Space_Weather_Shield_%28SVS14863_-_Reinhard_Friedel_TRACERS%29.webm.480p.vp9.webm,470.493,Public domain,"studio, into lens, glasses; label unreviewed"
friedel_02,friedel,on_screen,65,104,Quickshot- New NASA Mission Launching Soon To Study Earth’s Space Weather Shield (SVS14863 - Reinhard Friedel TRACERS).webm,https://commons.wikimedia.org/wiki/File:Quickshot-_New_NASA_Mission_Launching_Soon_To_Study_Earth%E2%80%99s_Space_Weather_Shield_(SVS14863_-_Reinhard_Friedel_TRACERS).webm,https://upload.wikimedia.org/wikipedia/commons/transcoded/d/d9/Quickshot-_New_NASA_Mission_Launching_Soon_To_Study_Earth%E2%80%99s_Space_Weather_Shield_%28SVS14863_-_Reinhard_Friedel_TRACERS%29.webm/Quickshot-_New_NASA_Mission_Launching_Soon_To_Study_Earth%E2%80%99s_Space_Weather_Shield_%28SVS14863_-_Reinhard_Friedel_TRACERS%29.webm.480p.vp9.webm,470.493,Public domain,"studio, into lens, glasses; label unreviewed"
pulkkinen_01,pulkkinen,on_screen,0,39,Interview with Antti Pulkkinen 2.ogv,https://commons.wikimedia.org/wiki/File:Interview_with_Antti_Pulkkinen_2.ogv,https://upload.wikimedia.org/wikipedia/commons/transcoded/0/0d/Interview_with_Antti_Pulkkinen_2.ogv/Interview_with_Antti_Pulkkinen_2.ogv.480p.vp9.webm,39.21066666666667,Public domain,"studio, into lens; label unreviewed"
martos_01,martos,on_screen,12,42,NASA Interview Opportunity- Watch A Red Moon Dance Across The Sky THIS Friday (SVS14791 - Jazmina canned Final).webm,https://commons.wikimedia.org/wiki/File:NASA_Interview_Opportunity-_Watch_A_Red_Moon_Dance_Across_The_Sky_THIS_Friday_(SVS14791_-_Jazmina_canned_Final).webm,https://upload.wikimedia.org/wikipedia/commons/transcoded/1/1f/NASA_Interview_Opportunity-_Watch_A_Red_Moon_Dance_Across_The_Sky_THIS_Friday_%28SVS14791_-_Jazmina_canned_Final%29.webm/NASA_Interview_Opportunity-_Watch_A_Red_Moon_Dance_Across_The_Sky_THIS_Friday_%28SVS14791_-_Jazmina_canned_Final%29.webm.480p.vp9.webm,231.812,Public domain,"studio, into lens (Spanish-language); label unreviewed"
martos_02,martos,on_screen,50,68,NASA Interview Opportunity- Watch A Red Moon Dance Across The Sky THIS Friday (SVS14791 - Jazmina canned Final).webm,https://commons.wikimedia.org/wiki/File:NASA_Interview_Opportunity-_Watch_A_Red_Moon_Dance_Across_The_Sky_THIS_Friday_(SVS14791_-_Jazmina_canned_Final).webm,https://upload.wikimedia.org/wikipedia/commons/transcoded/1/1f/NASA_Interview_Opportunity-_Watch_A_Red_Moon_Dance_Across_The_Sky_THIS_Friday_%28SVS14791_-_Jazmina_canned_Final%29.webm/NASA_Interview_Opportunity-_Watch_A_Red_Moon_Dance_Across_The_Sky_THIS_Friday_%28SVS14791_-_Jazmina_canned_Final%29.webm.480p.vp9.webm,231.812,Public domain,"studio, into lens (Spanish-language); label unreviewed"
martos_03,martos,on_screen,77,95,NASA Interview Opportunity- Watch A Red Moon Dance Across The Sky THIS Friday (SVS14791 - Jazmina canned Final).webm,https://commons.wikimedia.org/wiki/File:NASA_Interview_Opportunity-_Watch_A_Red_Moon_Dance_Across_The_Sky_THIS_Friday_(SVS14791_-_Jazmina_canned_Final).webm,https://upload.wikimedia.org/wikipedia/commons/transcoded/1/1f/NASA_Interview_Opportunity-_Watch_A_Red_Moon_Dance_Across_The_Sky_THIS_Friday_%28SVS14791_-_Jazmina_canned_Final%29.webm/NASA_Interview_Opportunity-_Watch_A_Red_Moon_Dance_Across_The_Sky_THIS_Friday_%28SVS14791_-_Jazmina_canned_Final%29.webm.480p.vp9.webm,231.812,Public domain,"studio, into lens (Spanish-language); label unreviewed"
cauffman_01,cauffman,on_screen,12,28,"NASA Interview Opportunity- Two Missions, One Rocket- One Shared Goal (SVS14783 - Sandra canned Final).webm","https://commons.wikimedia.org/wiki/File:NASA_Interview_Opportunity-_Two_Missions,_One_Rocket-_One_Shared_Goal_(SVS14783_-_Sandra_canned_Final).webm",https://upload.wikimedia.org/wikipedia/commons/transcoded/8/82/NASA_Interview_Opportunity-_Two_Missions%2C_One_Rocket-_One_Shared_Goal_%28SVS14783_-_Sandra_canned_Final%29.webm/NASA_Interview_Opportunity-_Two_Missions%2C_One_Rocket-_One_Shared_Goal_%28SVS14783_-_Sandra_canned_Final%29.webm.480p.vp9.webm,220.504,Public domain,"studio, into lens, glasses; label unreviewed"
cauffman_02,cauffman,on_screen,48,71,"NASA Interview Opportunity- Two Missions, One Rocket- One Shared Goal (SVS14783 - Sandra canned Final).webm","https://commons.wikimedia.org/wiki/File:NASA_Interview_Opportunity-_Two_Missions,_One_Rocket-_One_Shared_Goal_(SVS14783_-_Sandra_canned_Final).webm",https://upload.wikimedia.org/wikipedia/commons/transcoded/8/82/NASA_Interview_Opportunity-_Two_Missions%2C_One_Rocket-_One_Shared_Goal_%28SVS14783_-_Sandra_canned_Final%29.webm/NASA_Interview_Opportunity-_Two_Missions%2C_One_Rocket-_One_Shared_Goal_%28SVS14783_-_Sandra_canned_Final%29.webm.480p.vp9.webm,220.504,Public domain,"studio, into lens, glasses; label unreviewed"
bennett_01,bennett,peripheral,9,16,WMAP.ogv,https://commons.wikimedia.org/wiki/File:WMAP.ogv,https://upload.wikimedia.org/wikipedia/commons/transcoded/1/10/WMAP.ogv/WMAP.ogv.480p.vp9.webm,158.48533333333333,Public domain,"answers interviewer beside camera, glasses; label unreviewed"
bennett_02,bennett,peripheral,42.0,43.0,WMAP.ogv,https://commons.wikimedia.org/wiki/File:WMAP.ogv,https://upload.wikimedia.org/wikipedia/commons/transcoded/1/10/WMAP.ogv/WMAP.ogv.480p.vp9.webm,158.48533333333333,Public domain,"answers interviewer beside camera, glasses; trimmed to exclude cutaways; label unreviewed"
bennett_03,bennett,peripheral,52.2,53.0,WMAP.ogv,https://commons.wikimedia.org/wiki/File:WMAP.ogv,https://upload.wikimedia.org/wikipedia/commons/transcoded/1/10/WMAP.ogv/WMAP.ogv.480p.vp9.webm,158.48533333333333,Public domain,"answers interviewer beside camera, glasses; trimmed to exclude cutaways; label unreviewed"
bennett_04,bennett,peripheral,94.6,97.0,WMAP.ogv,https://commons.wikimedia.org/wiki/File:WMAP.ogv,https://upload.wikimedia.org/wikipedia/commons/transcoded/1/10/WMAP.ogv/WMAP.ogv.480p.vp9.webm,158.48533333333333,Public domain,"answers interviewer beside camera, glasses; trimmed to exclude cutaways; label unreviewed"
page_01,page,peripheral,64.8,70.0,WMAP.ogv,https://commons.wikimedia.org/wiki/File:WMAP.ogv,https://upload.wikimedia.org/wikipedia/commons/transcoded/1/10/WMAP.ogv/WMAP.ogv.480p.vp9.webm,158.48533333333333,Public domain,"answers interviewer beside camera, glasses; trimmed to exclude cutaways; label unreviewed"
fire_speaker_01,fire_speaker,peripheral,9,27,2012 and the Future of Fire.webm,https://commons.wikimedia.org/wiki/File:2012_and_the_Future_of_Fire.webm,https://upload.wikimedia.org/wikipedia/commons/transcoded/3/36/2012_and_the_Future_of_Fire.webm/2012_and_the_Future_of_Fire.webm.480p.vp9.webm,145.008,Public domain,"outdoors, answers interviewer beside camera; label unreviewed"
fire_speaker_02,fire_speaker,peripheral,66,69,2012 and the Future of Fire.webm,https://commons.wikimedia.org/wiki/File:2012_and_the_Future_of_Fire.webm,https://upload.wikimedia.org/wikipedia/commons/transcoded/3/36/2012_and_the_Future_of_Fire.webm/2012_and_the_Future_of_Fire.webm.480p.vp9.webm,145.008,Public domain,"outdoors, answers interviewer beside camera; label unreviewed"
fabinsky_01,fabinsky,peripheral,12.0,42.7,"NASA Interview Opportunity- Two Missions, One Rocket- One Shared Goal (SVS14783 - Beth Fabinsky SPHEREx canned).webm","https://commons.wikimedia.org/wiki/File:NASA_Interview_Opportunity-_Two_Missions,_One_Rocket-_One_Shared_Goal_(SVS14783_-_Beth_Fabinsky_SPHEREx_canned).webm",https://upload.wikimedia.org/wikipedia/commons/transcoded/3/39/NASA_Interview_Opportunity-_Two_Missions%2C_One_Rocket-_One_Shared_Goal_%28SVS14783_-_Beth_Fabinsky_SPHEREx_canned%29.webm/NASA_Interview_Opportunity-_Two_Missions%2C_One_Rocket-_One_Shared_Goal_%28SVS14783_-_Beth_Fabinsky_SPHEREx_canned%29.webm.480p.vp9.webm,412.72200000000004,Public domain,answers interviewer just off-lens; trimmed to exclude cutaways; label unreviewed
fabinsky_02,fabinsky,peripheral,50,104,"NASA Interview Opportunity- Two Missions, One Rocket- One Shared Goal (SVS14783 - Beth Fabinsky SPHEREx canned).webm","https://commons.wikimedia.org/wiki/File:NASA_Interview_Opportunity-_Two_Missions,_One_Rocket-_One_Shared_Goal_(SVS14783_-_Beth_Fabinsky_SPHEREx_canned).webm",https://upload.wikimedia.org/wikipedia/commons/transcoded/3/39/NASA_Interview_Opportunity-_Two_Missions%2C_One_Rocket-_One_Shared_Goal_%28SVS14783_-_Beth_Fabinsky_SPHEREx_canned%29.webm/NASA_Interview_Opportunity-_Two_Missions%2C_One_Rocket-_One_Shared_Goal_%28SVS14783_-_Beth_Fabinsky_SPHEREx_canned%29.webm.480p.vp9.webm,412.72200000000004,Public domain,answers interviewer just off-lens; label unreviewed
furfaro_01,furfaro,away,5.0,6.2,Annular Solar Eclipse Broadcast Packages (SVS14622 - VIDEO PACKAGE 6- ISS Astronaut Video ).webm,https://commons.wikimedia.org/wiki/File:Annular_Solar_Eclipse_Broadcast_Packages_(SVS14622_-_VIDEO_PACKAGE_6-_ISS_Astronaut_Video_).webm,https://upload.wikimedia.org/wikipedia/commons/transcoded/c/c9/Annular_Solar_Eclipse_Broadcast_Packages_%28SVS14622_-_VIDEO_PACKAGE_6-_ISS_Astronaut_Video_%29.webm/Annular_Solar_Eclipse_Broadcast_Packages_%28SVS14622_-_VIDEO_PACKAGE_6-_ISS_Astronaut_Video_%29.webm.480p.vp9.webm,178,Public domain,"head ~40 deg from lens, eyes further aside; trimmed to exclude cutaways; label unreviewed"
furfaro_02,furfaro,away,11.0,14.2,Annular Solar Eclipse Broadcast Packages (SVS14622 - VIDEO PACKAGE 6- ISS Astronaut Video ).webm,https://commons.wikimedia.org/wiki/File:Annular_Solar_Eclipse_Broadcast_Packages_(SVS14622_-_VIDEO_PACKAGE_6-_ISS_Astronaut_Video_).webm,https://upload.wikimedia.org/wikipedia/commons/transcoded/c/c9/Annular_Solar_Eclipse_Broadcast_Packages_%28SVS14622_-_VIDEO_PACKAGE_6-_ISS_Astronaut_Video_%29.webm/Annular_Solar_Eclipse_Broadcast_Packages_%28SVS14622_-_VIDEO_PACKAGE_6-_ISS_Astronaut_Video_%29.webm.480p.vp9.webm,178,Public domain,"head ~40 deg from lens, eyes further aside; trimmed to exclude cutaways; label unreviewed"
furfaro_03,furfaro,away,44,46,Annular Solar Eclipse Broadcast Packages (SVS14622 - VIDEO PACKAGE 6- ISS Astronaut Video ).webm,https://commons.wikimedia.org/wiki/File:Annular_Solar_Eclipse_Broadcast_Packages_(SVS14622_-_VIDEO_PACKAGE_6-_ISS_Astronaut_Video_).webm,https://upload.wikimedia.org/wikipedia/commons/transcoded/c/c9/Annular_Solar_Eclipse_Broadcast_Packages_%28SVS14622_-_VIDEO_PACKAGE_6-_ISS_Astronaut_Video_%29.webm/Annular_Solar_Eclipse_Broadcast_Packages_%28SVS14622_-_VIDEO_PACKAGE_6-_ISS_Astronaut_Video_%29.webm.480p.vp9.webm,178,Public domain,"head ~40 deg from lens, eyes further aside; label unreviewed"
furfaro_04,furfaro,away,53.0,54.6,Annular Solar Eclipse Broadcast Packages (SVS14622 - VIDEO PACKAGE 6- ISS Astronaut Video ).webm,https://commons.wikimedia.org/wiki/File:Annular_Solar_Eclipse_Broadcast_Packages_(SVS14622_-_VIDEO_PACKAGE_6-_ISS_Astronaut_Video_).webm,https://upload.wikimedia.org/wikipedia/commons/transcoded/c/c9/Annular_Solar_Eclipse_Broadcast_Packages_%28SVS14622_-_VIDEO_PACKAGE_6-_ISS_Astronaut_Video_%29.webm/Annular_Solar_Eclipse_Broadcast_Packages_%28SVS14622_-_VIDEO_PACKAGE_6-_ISS_Astronaut_Video_%29.webm.480p.vp9.webm,178,Public domain,"head ~40 deg from lens, eyes further aside; trimmed to exclude cutaways; label unreviewed"
furfaro_05,furfaro,away,80,82,Annular Solar Eclipse Broadcast Packages (SVS14622 - VIDEO PACKAGE 6- ISS Astronaut Video ).webm,https://commons.wikimedia.org/wiki/File:Annular_Solar_Eclipse_Broadcast_Packages_(SVS14622_-_VIDEO_PACKAGE_6-_ISS_Astronaut_Video_).webm,https://upload.wikimedia.org/wikipedia/commons/transcoded/c/c9/Annular_Solar_Eclipse_Broadcast_Packages_%28SVS14622_-_VIDEO_PACKAGE_6-_ISS_Astronaut_Video_%29.webm/Annular_Solar_Eclipse_Broadcast_Packages_%28SVS14622_-_VIDEO_PACKAGE_6-_ISS_Astronaut_Video_%29.webm.480p.vp9.webm,178,Public domain,"head ~40 deg from lens, eyes further aside; label unreviewed"
furfaro_06,furfaro,away,97.0,101.6,Annular Solar Eclipse Broadcast Packages (SVS14622 - VIDEO PACKAGE 6- ISS Astronaut Video ).webm,https://commons.wikimedia.org/wiki/File:Annular_Solar_Eclipse_Broadcast_Packages_(SVS14622_-_VIDEO_PACKAGE_6-_ISS_Astronaut_Video_).webm,https://upload.wikimedia.org/wikipedia/commons/transcoded/c/c9/Annular_Solar_Eclipse_Broadcast_Packages_%28SVS14622_-_VIDEO_PACKAGE_6-_ISS_Astronaut_Video_%29.webm/Annular_Solar_Eclipse_Broadcast_Packages_%28SVS14622_-_VIDEO_PACKAGE_6-_ISS_Astronaut_Video_%29.webm.480p.vp9.webm,178,Public domain,"head ~40 deg from lens, eyes further aside; trimmed to exclude cutaways; label unreviewed"
furfaro_07,furfaro,away,118.0,120.6,Annular Solar Eclipse Broadcast Packages (SVS14622 - VIDEO PACKAGE 6- ISS Astronaut Video ).webm,https://commons.wikimedia.org/wiki/File:Annular_Solar_Eclipse_Broadcast_Packages_(SVS14622_-_VIDEO_PACKAGE_6-_ISS_Astronaut_Video_).webm,https://upload.wikimedia.org/wikipedia/commons/transcoded/c/c9/Annular_Solar_Eclipse_Broadcast_Packages_%28SVS14622_-_VIDEO_PACKAGE_6-_ISS_Astronaut_Video_%29.webm/Annular_Solar_Eclipse_Broadcast_Packages_%28SVS14622_-_VIDEO_PACKAGE_6-_ISS_Astronaut_Video_%29.webm.480p.vp9.webm,178,Public domain,"head ~40 deg from lens, eyes further aside; trimmed to exclude cutaways; label unreviewed"
furfaro_08,furfaro,away,151.0,158.2,Annular Solar Eclipse Broadcast Packages (SVS14622 - VIDEO PACKAGE 6- ISS Astronaut Video ).webm,https://commons.wikimedia.org/wiki/File:Annular_Solar_Eclipse_Broadcast_Packages_(SVS14622_-_VIDEO_PACKAGE_6-_ISS_Astronaut_Video_).webm,https://upload.wikimedia.org/wikipedia/commons/transcoded/c/c9/Annular_Solar_Eclipse_Broadcast_Packages_%28SVS14622_-_VIDEO_PACKAGE_6-_ISS_Astronaut_Video_%29.webm/Annular_Solar_Eclipse_Broadcast_Packages_%28SVS14622_-_VIDEO_PACKAGE_6-_ISS_Astronaut_Video_%29.webm.480p.vp9.webm,178,Public domain,"head ~40 deg from lens, eyes further aside; trimmed to exclude cutaways; label unreviewed"
crew_training_broll_01,crew_training_broll,away,35.5,38,Jsc2023m000215 Artemis II Crew Training Resource Reel 231220 2of2.webm,https://commons.wikimedia.org/wiki/File:Jsc2023m000215_Artemis_II_Crew_Training_Resource_Reel_231220_2of2.webm,https://upload.wikimedia.org/wikipedia/commons/transcoded/0/0b/Jsc2023m000215_Artemis_II_Crew_Training_Resource_Reel_231220_2of2.webm/Jsc2023m000215_Artemis_II_Crew_Training_Resource_Reel_231220_2of2.webm.480p.vp9.webm,1771.844,Public domain,"B-roll, people in profile; face usually undetected; label unreviewed"
crew_training_broll_02,crew_training_broll,away,41.5,46.5,Jsc2023m000215 Artemis II Crew Training Resource Reel 231220 2of2.webm,https://commons.wikimedia.org/wiki/File:Jsc2023m000215_Artemis_II_Crew_Training_Resource_Reel_231220_2of2.webm,https://upload.wikimedia.org/wikipedia/commons/transcoded/0/0b/Jsc2023m000215_Artemis_II_Crew_Training_Resource_Reel_231220_2of2.webm/Jsc2023m000215_Artemis_II_Crew_Training_Resource_Reel_231220_2of2.webm.480p.vp9.webm,1771.844,Public domain,"B-roll, people in profile; face usually undetected; label unreviewed"
crew_training_broll_03,crew_training_broll,away,55.5,58,Jsc2023m000215 Artemis II Crew Training Resource Reel 231220 2of2.webm,https://commons.wikimedia.org/wiki/File:Jsc2023m000215_Artemis_II_Crew_Training_Resource_Reel_231220_2of2.webm,https://upload.wikimedia.org/wikipedia/commons/transcoded/0/0b/Jsc2023m000215_Artemis_II_Crew_Training_Resource_Reel_231220_2of2.webm/Jsc2023m000215_Artemis_II_Crew_Training_Resource_Reel_231220_2of2.webm.480p.vp9.webm,1771.844,Public domain,"B-roll, people in profile; face usually undetected; label unreviewed"
